inst#,actual,predicted,error,prediction
1,1:FALSE,1:FALSE,,0.761
2,1:FALSE,1:FALSE,,0.76
3,1:FALSE,1:FALSE,,0.763
4,1:FALSE,1:FALSE,,0.752
5,1:FALSE,1:FALSE,,0.763
6,1:FALSE,1:FALSE,,0.756
7,1:FALSE,1:FALSE,,0.762
8,1:FALSE,1:FALSE,,0.756
9,1:FALSE,1:FALSE,,0.763
10,1:FALSE,1:FALSE,,0.701
11,1:FALSE,1:FALSE,,0.755
12,1:FALSE,1:FALSE,,0.762
13,1:FALSE,1:FALSE,,0.761
14,1:FALSE,1:FALSE,,0.76
15,1:FALSE,1:FALSE,,0.757
16,1:FALSE,1:FALSE,,0.762
17,1:FALSE,1:FALSE,,0.763
18,1:FALSE,1:FALSE,,0.763
19,1:FALSE,1:FALSE,,0.749
20,1:FALSE,1:FALSE,,0.694
21,1:FALSE,1:FALSE,,0.763
22,1:FALSE,1:FALSE,,0.642
23,1:FALSE,1:FALSE,,0.763
24,1:FALSE,1:FALSE,,0.658
25,1:FALSE,1:FALSE,,0.762
26,1:FALSE,1:FALSE,,0.763
27,1:FALSE,1:FALSE,,0.713
28,1:FALSE,1:FALSE,,0.697
29,1:FALSE,1:FALSE,,0.764
30,1:FALSE,1:FALSE,,0.58
31,1:FALSE,1:FALSE,,0.758
32,1:FALSE,1:FALSE,,0.755
33,1:FALSE,1:FALSE,,0.763
34,1:FALSE,1:FALSE,,0.762
35,1:FALSE,1:FALSE,,0.763
36,1:FALSE,1:FALSE,,0.763
37,1:FALSE,2:TRUE,+,0.512
38,1:FALSE,1:FALSE,,0.763
39,1:FALSE,1:FALSE,,0.811
40,1:FALSE,1:FALSE,,0.763
41,1:FALSE,1:FALSE,,0.757
42,1:FALSE,1:FALSE,,0.763
43,1:FALSE,1:FALSE,,0.761
44,1:FALSE,1:FALSE,,0.763
45,1:FALSE,1:FALSE,,0.763
46,1:FALSE,1:FALSE,,0.761
47,1:FALSE,1:FALSE,,0.755
48,1:FALSE,1:FALSE,,0.763
49,1:FALSE,1:FALSE,,0.758
50,1:FALSE,1:FALSE,,0.763
51,1:FALSE,1:FALSE,,0.746
52,1:FALSE,1:FALSE,,0.76
53,1:FALSE,1:FALSE,,0.754
54,1:FALSE,1:FALSE,,0.755
55,1:FALSE,1:FALSE,,0.904
56,1:FALSE,1:FALSE,,0.763
57,1:FALSE,1:FALSE,,0.76
58,1:FALSE,1:FALSE,,0.759
59,1:FALSE,1:FALSE,,0.715
60,1:FALSE,1:FALSE,,0.759
61,1:FALSE,1:FALSE,,0.76
62,1:FALSE,1:FALSE,,0.763
63,1:FALSE,1:FALSE,,0.761
64,1:FALSE,1:FALSE,,0.762
65,1:FALSE,1:FALSE,,0.763
66,1:FALSE,1:FALSE,,0.762
67,1:FALSE,1:FALSE,,0.751
68,1:FALSE,1:FALSE,,0.761
69,1:FALSE,1:FALSE,,0.753
70,1:FALSE,1:FALSE,,0.763
71,1:FALSE,1:FALSE,,0.74
72,1:FALSE,1:FALSE,,0.756
73,1:FALSE,1:FALSE,,0.736
74,1:FALSE,1:FALSE,,0.721
75,1:FALSE,1:FALSE,,0.752
76,1:FALSE,1:FALSE,,0.756
77,1:FALSE,1:FALSE,,0.763
78,1:FALSE,1:FALSE,,0.512
79,1:FALSE,1:FALSE,,0.763
80,1:FALSE,1:FALSE,,0.676
81,1:FALSE,1:FALSE,,0.761
82,1:FALSE,2:TRUE,+,0.667
83,1:FALSE,1:FALSE,,0.755
84,1:FALSE,1:FALSE,,0.762
85,1:FALSE,1:FALSE,,0.756
86,1:FALSE,1:FALSE,,0.745
87,1:FALSE,1:FALSE,,0.76
88,1:FALSE,1:FALSE,,0.765
89,1:FALSE,1:FALSE,,0.763
90,1:FALSE,1:FALSE,,0.763
91,1:FALSE,1:FALSE,,0.756
92,1:FALSE,1:FALSE,,0.762
93,1:FALSE,1:FALSE,,0.728
94,1:FALSE,1:FALSE,,0.736
95,1:FALSE,1:FALSE,,0.762
96,1:FALSE,1:FALSE,,0.763
97,1:FALSE,1:FALSE,,0.763
98,1:FALSE,1:FALSE,,0.762
99,1:FALSE,1:FALSE,,0.704
100,1:FALSE,1:FALSE,,0.782
101,1:FALSE,1:FALSE,,0.762
102,1:FALSE,1:FALSE,,0.735
103,1:FALSE,1:FALSE,,0.623
104,1:FALSE,1:FALSE,,0.752
105,1:FALSE,1:FALSE,,0.662
106,1:FALSE,1:FALSE,,0.771
107,1:FALSE,1:FALSE,,0.763
108,1:FALSE,1:FALSE,,0.756
109,1:FALSE,1:FALSE,,0.728
110,1:FALSE,1:FALSE,,0.762
111,1:FALSE,1:FALSE,,0.613
112,1:FALSE,1:FALSE,,0.763
113,1:FALSE,1:FALSE,,0.757
114,1:FALSE,1:FALSE,,0.763
115,1:FALSE,1:FALSE,,0.763
116,1:FALSE,1:FALSE,,0.749
117,1:FALSE,1:FALSE,,0.763
118,1:FALSE,1:FALSE,,0.763
119,1:FALSE,1:FALSE,,0.694
120,1:FALSE,1:FALSE,,0.761
121,1:FALSE,1:FALSE,,0.763
122,1:FALSE,1:FALSE,,0.761
123,1:FALSE,1:FALSE,,0.763
124,1:FALSE,1:FALSE,,0.76
125,1:FALSE,1:FALSE,,0.753
126,1:FALSE,1:FALSE,,0.763
127,1:FALSE,1:FALSE,,0.569
128,1:FALSE,1:FALSE,,0.75
129,1:FALSE,1:FALSE,,0.744
130,1:FALSE,1:FALSE,,0.763
131,1:FALSE,1:FALSE,,0.762
132,1:FALSE,1:FALSE,,0.764
133,1:FALSE,1:FALSE,,0.761
134,1:FALSE,1:FALSE,,0.761
135,1:FALSE,1:FALSE,,0.763
136,1:FALSE,1:FALSE,,0.699
137,1:FALSE,1:FALSE,,0.688
138,1:FALSE,1:FALSE,,0.761
139,1:FALSE,1:FALSE,,0.763
140,1:FALSE,1:FALSE,,0.763
141,1:FALSE,1:FALSE,,0.757
142,1:FALSE,1:FALSE,,0.762
143,1:FALSE,1:FALSE,,0.762
144,1:FALSE,1:FALSE,,0.75
145,1:FALSE,1:FALSE,,0.758
146,1:FALSE,1:FALSE,,0.762
147,1:FALSE,1:FALSE,,0.755
148,1:FALSE,1:FALSE,,0.763
149,1:FALSE,1:FALSE,,0.763
150,1:FALSE,1:FALSE,,0.746
151,1:FALSE,1:FALSE,,0.751
152,1:FALSE,1:FALSE,,0.763
153,1:FALSE,1:FALSE,,0.763
154,1:FALSE,1:FALSE,,0.762
155,1:FALSE,1:FALSE,,0.763
156,1:FALSE,1:FALSE,,0.733
157,1:FALSE,1:FALSE,,0.76
158,1:FALSE,1:FALSE,,0.759
159,1:FALSE,2:TRUE,+,0.758
160,1:FALSE,1:FALSE,,0.729
161,1:FALSE,1:FALSE,,0.763
162,1:FALSE,1:FALSE,,0.704
163,1:FALSE,1:FALSE,,0.763
164,1:FALSE,1:FALSE,,0.762
165,1:FALSE,1:FALSE,,0.763
166,1:FALSE,1:FALSE,,0.763
167,1:FALSE,1:FALSE,,0.761
168,1:FALSE,1:FALSE,,0.762
169,1:FALSE,1:FALSE,,0.754
170,1:FALSE,1:FALSE,,0.762
171,1:FALSE,1:FALSE,,0.727
172,1:FALSE,1:FALSE,,0.745
173,1:FALSE,1:FALSE,,0.743
174,1:FALSE,1:FALSE,,0.763
175,1:FALSE,1:FALSE,,0.728
176,1:FALSE,1:FALSE,,0.752
177,1:FALSE,1:FALSE,,0.763
178,1:FALSE,1:FALSE,,0.763
179,1:FALSE,1:FALSE,,0.755
180,1:FALSE,1:FALSE,,0.64
181,1:FALSE,2:TRUE,+,0.54
182,1:FALSE,1:FALSE,,0.763
183,1:FALSE,1:FALSE,,0.763
184,1:FALSE,1:FALSE,,0.763
185,1:FALSE,1:FALSE,,0.763
186,1:FALSE,1:FALSE,,0.759
187,1:FALSE,1:FALSE,,0.611
188,1:FALSE,1:FALSE,,0.763
189,1:FALSE,1:FALSE,,0.761
190,1:FALSE,1:FALSE,,0.763
191,1:FALSE,1:FALSE,,0.749
192,1:FALSE,1:FALSE,,0.771
193,1:FALSE,1:FALSE,,0.763
194,1:FALSE,1:FALSE,,0.728
195,1:FALSE,1:FALSE,,0.761
196,1:FALSE,1:FALSE,,0.545
197,1:FALSE,1:FALSE,,0.699
198,1:FALSE,1:FALSE,,0.763
199,1:FALSE,1:FALSE,,0.763
200,1:FALSE,1:FALSE,,0.762
201,1:FALSE,1:FALSE,,0.761
202,1:FALSE,1:FALSE,,0.76
203,1:FALSE,1:FALSE,,0.746
204,1:FALSE,1:FALSE,,0.763
205,1:FALSE,1:FALSE,,0.736
206,1:FALSE,1:FALSE,,0.686
207,1:FALSE,1:FALSE,,0.679
208,1:FALSE,1:FALSE,,0.76
209,1:FALSE,1:FALSE,,0.762
210,1:FALSE,1:FALSE,,0.712
211,1:FALSE,1:FALSE,,0.761
212,1:FALSE,1:FALSE,,0.763
213,1:FALSE,1:FALSE,,0.763
214,1:FALSE,1:FALSE,,0.761
215,1:FALSE,1:FALSE,,0.763
216,1:FALSE,1:FALSE,,0.759
217,1:FALSE,1:FALSE,,0.756
218,1:FALSE,1:FALSE,,0.763
219,1:FALSE,1:FALSE,,0.763
220,1:FALSE,1:FALSE,,0.763
221,1:FALSE,1:FALSE,,0.763
222,1:FALSE,1:FALSE,,0.763
223,1:FALSE,1:FALSE,,0.761
224,1:FALSE,1:FALSE,,0.762
225,1:FALSE,1:FALSE,,0.763
226,1:FALSE,1:FALSE,,0.759
227,1:FALSE,1:FALSE,,0.762
228,1:FALSE,1:FALSE,,0.76
229,1:FALSE,1:FALSE,,0.761
230,1:FALSE,1:FALSE,,0.762
231,1:FALSE,1:FALSE,,0.756
232,1:FALSE,1:FALSE,,0.795
233,1:FALSE,1:FALSE,,0.758
234,1:FALSE,1:FALSE,,0.761
235,1:FALSE,1:FALSE,,0.763
236,1:FALSE,1:FALSE,,0.763
237,1:FALSE,1:FALSE,,0.763
238,1:FALSE,1:FALSE,,0.745
239,1:FALSE,1:FALSE,,0.762
240,1:FALSE,1:FALSE,,0.757
241,1:FALSE,1:FALSE,,0.763
242,1:FALSE,1:FALSE,,0.697
243,1:FALSE,1:FALSE,,0.761
244,1:FALSE,1:FALSE,,0.763
245,1:FALSE,1:FALSE,,0.759
246,1:FALSE,1:FALSE,,0.76
247,1:FALSE,1:FALSE,,0.763
248,1:FALSE,1:FALSE,,0.754
249,1:FALSE,1:FALSE,,0.762
250,1:FALSE,1:FALSE,,0.746
251,1:FALSE,1:FALSE,,0.763
252,1:FALSE,1:FALSE,,0.713
253,1:FALSE,1:FALSE,,0.763
254,1:FALSE,1:FALSE,,0.892
255,1:FALSE,1:FALSE,,0.762
256,1:FALSE,1:FALSE,,0.763
257,1:FALSE,1:FALSE,,0.76
258,1:FALSE,1:FALSE,,0.763
259,1:FALSE,1:FALSE,,0.754
260,1:FALSE,1:FALSE,,0.763
261,1:FALSE,1:FALSE,,0.751
262,1:FALSE,1:FALSE,,0.763
263,1:FALSE,1:FALSE,,0.762
264,1:FALSE,1:FALSE,,0.726
265,1:FALSE,1:FALSE,,0.757
266,1:FALSE,1:FALSE,,0.763
267,1:FALSE,1:FALSE,,0.76
268,1:FALSE,1:FALSE,,0.763
269,1:FALSE,1:FALSE,,0.775
270,1:FALSE,1:FALSE,,0.715
271,1:FALSE,1:FALSE,,0.637
272,1:FALSE,1:FALSE,,0.759
273,1:FALSE,1:FALSE,,0.758
274,1:FALSE,1:FALSE,,0.601
275,1:FALSE,1:FALSE,,0.763
276,1:FALSE,1:FALSE,,0.759
277,1:FALSE,1:FALSE,,0.745
278,1:FALSE,1:FALSE,,0.763
279,1:FALSE,1:FALSE,,0.763
280,1:FALSE,1:FALSE,,0.761
281,1:FALSE,1:FALSE,,0.768
282,1:FALSE,1:FALSE,,0.763
283,1:FALSE,1:FALSE,,0.76
284,1:FALSE,1:FALSE,,0.701
285,1:FALSE,1:FALSE,,0.761
286,1:FALSE,1:FALSE,,0.763
287,1:FALSE,1:FALSE,,0.758
288,1:FALSE,1:FALSE,,0.763
289,1:FALSE,1:FALSE,,0.763
290,1:FALSE,1:FALSE,,0.761
291,1:FALSE,1:FALSE,,0.543
292,1:FALSE,1:FALSE,,0.73
293,1:FALSE,1:FALSE,,0.736
294,1:FALSE,1:FALSE,,0.763
295,1:FALSE,1:FALSE,,0.759
296,1:FALSE,1:FALSE,,0.763
297,1:FALSE,1:FALSE,,0.757
298,1:FALSE,1:FALSE,,0.763
299,1:FALSE,2:TRUE,+,0.618
300,1:FALSE,1:FALSE,,0.749
301,1:FALSE,1:FALSE,,0.763
302,1:FALSE,1:FALSE,,0.573
303,1:FALSE,1:FALSE,,0.757
304,1:FALSE,1:FALSE,,0.75
305,1:FALSE,1:FALSE,,0.756
306,1:FALSE,1:FALSE,,0.76
307,1:FALSE,1:FALSE,,0.759
308,1:FALSE,1:FALSE,,0.744
309,1:FALSE,1:FALSE,,0.641
310,1:FALSE,1:FALSE,,0.765
311,1:FALSE,1:FALSE,,0.759
312,1:FALSE,1:FALSE,,0.763
313,1:FALSE,1:FALSE,,0.728
314,1:FALSE,1:FALSE,,0.762
315,1:FALSE,1:FALSE,,0.763
316,1:FALSE,1:FALSE,,0.759
317,1:FALSE,1:FALSE,,0.761
318,1:FALSE,1:FALSE,,0.758
319,1:FALSE,1:FALSE,,0.763
320,1:FALSE,1:FALSE,,0.761
321,1:FALSE,1:FALSE,,0.754
322,1:FALSE,1:FALSE,,0.728
323,1:FALSE,1:FALSE,,0.76
324,1:FALSE,1:FALSE,,0.666
325,1:FALSE,1:FALSE,,0.762
326,1:FALSE,1:FALSE,,0.763
327,1:FALSE,1:FALSE,,0.759
328,1:FALSE,1:FALSE,,0.762
329,1:FALSE,1:FALSE,,0.763
330,1:FALSE,1:FALSE,,0.763
331,1:FALSE,1:FALSE,,0.67
332,1:FALSE,1:FALSE,,0.762
333,1:FALSE,1:FALSE,,0.758
334,1:FALSE,1:FALSE,,0.762
335,1:FALSE,1:FALSE,,0.656
336,1:FALSE,1:FALSE,,0.759
337,1:FALSE,1:FALSE,,0.763
338,1:FALSE,1:FALSE,,0.751
339,1:FALSE,1:FALSE,,0.763
340,1:FALSE,1:FALSE,,0.763
341,1:FALSE,1:FALSE,,0.75
342,1:FALSE,1:FALSE,,0.759
343,1:FALSE,1:FALSE,,0.763
344,1:FALSE,1:FALSE,,0.526
345,1:FALSE,1:FALSE,,0.763
346,1:FALSE,1:FALSE,,0.763
347,1:FALSE,1:FALSE,,0.761
348,1:FALSE,1:FALSE,,0.762
349,1:FALSE,1:FALSE,,0.744
350,1:FALSE,1:FALSE,,0.758
351,1:FALSE,1:FALSE,,0.763
352,1:FALSE,1:FALSE,,0.758
353,1:FALSE,1:FALSE,,0.753
354,1:FALSE,1:FALSE,,0.762
355,1:FALSE,1:FALSE,,0.771
356,1:FALSE,1:FALSE,,0.76
357,1:FALSE,1:FALSE,,0.743
358,1:FALSE,1:FALSE,,0.758
359,1:FALSE,1:FALSE,,0.749
360,1:FALSE,1:FALSE,,0.76
361,1:FALSE,1:FALSE,,0.757
362,1:FALSE,1:FALSE,,0.762
363,1:FALSE,1:FALSE,,0.698
364,1:FALSE,1:FALSE,,0.753
365,1:FALSE,1:FALSE,,0.763
366,1:FALSE,1:FALSE,,0.762
367,1:FALSE,1:FALSE,,0.762
368,1:FALSE,1:FALSE,,0.758
369,1:FALSE,1:FALSE,,0.763
370,1:FALSE,1:FALSE,,0.763
371,1:FALSE,1:FALSE,,0.762
372,1:FALSE,1:FALSE,,0.762
373,1:FALSE,1:FALSE,,0.763
374,1:FALSE,1:FALSE,,0.759
375,1:FALSE,1:FALSE,,0.763
376,1:FALSE,1:FALSE,,0.772
377,1:FALSE,1:FALSE,,0.795
378,1:FALSE,1:FALSE,,0.763
379,1:FALSE,1:FALSE,,0.76
380,1:FALSE,1:FALSE,,0.618
381,1:FALSE,1:FALSE,,0.758
382,1:FALSE,2:TRUE,+,0.613
383,1:FALSE,1:FALSE,,0.758
384,1:FALSE,1:FALSE,,0.763
385,1:FALSE,1:FALSE,,0.763
386,1:FALSE,1:FALSE,,0.758
387,1:FALSE,1:FALSE,,0.754
388,1:FALSE,1:FALSE,,0.773
389,1:FALSE,1:FALSE,,0.763
390,1:FALSE,1:FALSE,,0.663
391,1:FALSE,1:FALSE,,0.763
392,1:FALSE,1:FALSE,,0.75
393,1:FALSE,1:FALSE,,0.763
394,1:FALSE,1:FALSE,,0.763
395,1:FALSE,1:FALSE,,0.762
396,1:FALSE,1:FALSE,,0.763
397,1:FALSE,1:FALSE,,0.76
398,1:FALSE,1:FALSE,,0.758
399,1:FALSE,1:FALSE,,0.762
400,1:FALSE,1:FALSE,,0.763
401,1:FALSE,1:FALSE,,0.592
402,1:FALSE,1:FALSE,,0.678
403,1:FALSE,1:FALSE,,0.762
404,1:FALSE,1:FALSE,,0.763
405,1:FALSE,1:FALSE,,0.763
406,1:FALSE,1:FALSE,,0.725
407,1:FALSE,1:FALSE,,0.763
408,1:FALSE,1:FALSE,,0.763
409,1:FALSE,1:FALSE,,0.76
410,1:FALSE,1:FALSE,,0.759
411,1:FALSE,1:FALSE,,0.762
412,1:FALSE,1:FALSE,,0.726
413,1:FALSE,1:FALSE,,0.754
414,1:FALSE,1:FALSE,,0.763
415,1:FALSE,1:FALSE,,0.762
416,1:FALSE,1:FALSE,,0.759
417,1:FALSE,1:FALSE,,0.762
418,1:FALSE,1:FALSE,,0.754
419,1:FALSE,1:FALSE,,0.979
420,1:FALSE,1:FALSE,,0.746
421,1:FALSE,1:FALSE,,0.716
422,1:FALSE,1:FALSE,,0.762
423,1:FALSE,1:FALSE,,0.761
424,1:FALSE,1:FALSE,,0.761
425,1:FALSE,1:FALSE,,0.763
426,1:FALSE,1:FALSE,,0.761
427,1:FALSE,2:TRUE,+,0.603
428,1:FALSE,1:FALSE,,0.763
429,1:FALSE,1:FALSE,,0.753
430,1:FALSE,1:FALSE,,0.763
431,1:FALSE,1:FALSE,,0.763
432,1:FALSE,1:FALSE,,0.763
433,1:FALSE,1:FALSE,,0.758
434,1:FALSE,1:FALSE,,0.691
435,1:FALSE,1:FALSE,,0.758
436,1:FALSE,1:FALSE,,0.727
437,1:FALSE,1:FALSE,,0.753
438,1:FALSE,1:FALSE,,0.762
439,1:FALSE,1:FALSE,,0.763
440,1:FALSE,1:FALSE,,0.76
441,1:FALSE,1:FALSE,,0.763
442,1:FALSE,1:FALSE,,0.761
443,1:FALSE,1:FALSE,,0.735
444,1:FALSE,1:FALSE,,0.761
445,1:FALSE,1:FALSE,,0.559
446,1:FALSE,1:FALSE,,0.761
447,1:FALSE,1:FALSE,,0.758
448,1:FALSE,1:FALSE,,0.763
449,1:FALSE,1:FALSE,,0.763
450,1:FALSE,1:FALSE,,0.763
451,1:FALSE,1:FALSE,,0.763
452,1:FALSE,1:FALSE,,0.759
453,1:FALSE,1:FALSE,,0.763
454,1:FALSE,1:FALSE,,0.764
455,1:FALSE,1:FALSE,,0.763
456,1:FALSE,1:FALSE,,0.763
457,1:FALSE,1:FALSE,,0.751
458,1:FALSE,1:FALSE,,0.755
459,1:FALSE,1:FALSE,,0.754
460,1:FALSE,1:FALSE,,0.737
461,1:FALSE,1:FALSE,,0.762
462,1:FALSE,1:FALSE,,0.75
463,1:FALSE,1:FALSE,,0.762
464,1:FALSE,1:FALSE,,0.728
465,1:FALSE,1:FALSE,,0.761
466,1:FALSE,1:FALSE,,0.762
467,1:FALSE,1:FALSE,,0.763
468,1:FALSE,1:FALSE,,0.756
469,1:FALSE,1:FALSE,,0.763
470,1:FALSE,1:FALSE,,0.763
471,1:FALSE,1:FALSE,,0.76
472,1:FALSE,1:FALSE,,0.761
473,1:FALSE,1:FALSE,,0.76
474,1:FALSE,1:FALSE,,0.762
475,1:FALSE,1:FALSE,,0.759
476,1:FALSE,1:FALSE,,0.762
477,1:FALSE,1:FALSE,,0.759
478,1:FALSE,1:FALSE,,0.761
479,1:FALSE,1:FALSE,,0.76
480,1:FALSE,1:FALSE,,0.762
481,1:FALSE,1:FALSE,,0.726
482,1:FALSE,1:FALSE,,0.763
483,1:FALSE,1:FALSE,,0.76
484,1:FALSE,1:FALSE,,0.739
485,1:FALSE,1:FALSE,,0.754
486,1:FALSE,1:FALSE,,0.5
487,1:FALSE,1:FALSE,,0.762
488,1:FALSE,1:FALSE,,0.736
489,1:FALSE,1:FALSE,,0.761
490,1:FALSE,1:FALSE,,0.763
491,1:FALSE,1:FALSE,,0.762
492,1:FALSE,1:FALSE,,0.752
493,1:FALSE,1:FALSE,,0.753
494,1:FALSE,1:FALSE,,0.695
495,1:FALSE,1:FALSE,,0.763
496,1:FALSE,1:FALSE,,0.714
497,1:FALSE,1:FALSE,,0.753
498,1:FALSE,1:FALSE,,0.763
499,1:FALSE,1:FALSE,,0.763
500,1:FALSE,1:FALSE,,0.763
501,1:FALSE,1:FALSE,,0.763
502,1:FALSE,1:FALSE,,0.763
503,1:FALSE,1:FALSE,,0.716
504,1:FALSE,1:FALSE,,0.763
505,1:FALSE,1:FALSE,,0.763
506,1:FALSE,1:FALSE,,0.76
507,1:FALSE,1:FALSE,,0.761
508,1:FALSE,1:FALSE,,0.698
509,1:FALSE,1:FALSE,,0.747
510,1:FALSE,1:FALSE,,0.748
511,1:FALSE,1:FALSE,,0.779
512,1:FALSE,1:FALSE,,0.747
513,1:FALSE,1:FALSE,,0.759
514,1:FALSE,1:FALSE,,0.735
515,1:FALSE,1:FALSE,,0.757
516,1:FALSE,1:FALSE,,0.763
517,1:FALSE,1:FALSE,,0.763
518,1:FALSE,1:FALSE,,0.762
519,1:FALSE,1:FALSE,,0.74
520,1:FALSE,1:FALSE,,0.762
521,1:FALSE,1:FALSE,,0.757
522,1:FALSE,1:FALSE,,0.761
523,1:FALSE,1:FALSE,,0.737
524,1:FALSE,2:TRUE,+,0.565
525,1:FALSE,1:FALSE,,0.76
526,1:FALSE,1:FALSE,,0.736
527,1:FALSE,1:FALSE,,0.763
528,1:FALSE,1:FALSE,,0.714
529,1:FALSE,1:FALSE,,0.754
530,1:FALSE,1:FALSE,,0.763
531,1:FALSE,1:FALSE,,0.763
532,1:FALSE,1:FALSE,,0.761
533,1:FALSE,1:FALSE,,0.759
534,1:FALSE,1:FALSE,,0.762
535,1:FALSE,1:FALSE,,0.741
536,1:FALSE,1:FALSE,,0.761
537,1:FALSE,1:FALSE,,0.649
538,1:FALSE,1:FALSE,,0.763
539,1:FALSE,1:FALSE,,0.759
540,1:FALSE,1:FALSE,,0.761
541,1:FALSE,1:FALSE,,0.762
542,1:FALSE,1:FALSE,,0.76
543,1:FALSE,2:TRUE,+,0.954
544,1:FALSE,1:FALSE,,0.762
545,1:FALSE,1:FALSE,,0.759
546,1:FALSE,1:FALSE,,0.761
547,1:FALSE,1:FALSE,,0.743
548,1:FALSE,1:FALSE,,0.763
549,1:FALSE,1:FALSE,,0.762
550,1:FALSE,1:FALSE,,0.755
551,1:FALSE,1:FALSE,,0.762
552,1:FALSE,1:FALSE,,0.762
553,1:FALSE,1:FALSE,,0.763
554,1:FALSE,1:FALSE,,0.749
555,1:FALSE,1:FALSE,,0.749
556,1:FALSE,1:FALSE,,0.73
557,1:FALSE,1:FALSE,,0.761
558,1:FALSE,1:FALSE,,0.752
559,1:FALSE,1:FALSE,,0.761
560,1:FALSE,1:FALSE,,0.753
561,1:FALSE,1:FALSE,,0.76
562,1:FALSE,1:FALSE,,0.758
563,1:FALSE,1:FALSE,,0.753
564,1:FALSE,1:FALSE,,0.762
565,1:FALSE,1:FALSE,,0.755
566,1:FALSE,1:FALSE,,0.763
567,1:FALSE,1:FALSE,,0.761
568,1:FALSE,1:FALSE,,0.757
569,1:FALSE,1:FALSE,,0.763
570,1:FALSE,1:FALSE,,0.755
571,1:FALSE,1:FALSE,,0.763
572,1:FALSE,1:FALSE,,0.763
573,1:FALSE,1:FALSE,,0.757
574,1:FALSE,1:FALSE,,0.644
575,1:FALSE,1:FALSE,,0.759
576,1:FALSE,1:FALSE,,0.613
577,1:FALSE,1:FALSE,,0.761
578,1:FALSE,1:FALSE,,0.759
579,1:FALSE,1:FALSE,,0.763
580,1:FALSE,1:FALSE,,0.76
581,1:FALSE,1:FALSE,,0.761
582,1:FALSE,1:FALSE,,0.763
583,1:FALSE,1:FALSE,,0.763
584,1:FALSE,1:FALSE,,0.76
585,1:FALSE,1:FALSE,,0.771
586,1:FALSE,1:FALSE,,0.76
587,1:FALSE,1:FALSE,,0.763
588,1:FALSE,2:TRUE,+,0.559
589,1:FALSE,1:FALSE,,0.756
590,1:FALSE,1:FALSE,,0.757
591,1:FALSE,1:FALSE,,0.714
592,1:FALSE,1:FALSE,,0.762
593,1:FALSE,1:FALSE,,0.762
594,1:FALSE,1:FALSE,,0.686
595,1:FALSE,1:FALSE,,0.763
596,1:FALSE,1:FALSE,,0.702
597,1:FALSE,1:FALSE,,0.763
598,1:FALSE,1:FALSE,,0.762
599,1:FALSE,1:FALSE,,0.763
600,1:FALSE,1:FALSE,,0.746
601,1:FALSE,1:FALSE,,0.768
602,1:FALSE,1:FALSE,,0.761
603,1:FALSE,1:FALSE,,0.748
604,1:FALSE,1:FALSE,,0.761
605,1:FALSE,1:FALSE,,0.762
606,1:FALSE,1:FALSE,,0.763
607,1:FALSE,1:FALSE,,0.763
608,1:FALSE,1:FALSE,,0.718
609,1:FALSE,1:FALSE,,0.737
610,1:FALSE,1:FALSE,,0.748
611,1:FALSE,1:FALSE,,0.758
612,1:FALSE,1:FALSE,,0.756
613,1:FALSE,1:FALSE,,0.763
614,1:FALSE,1:FALSE,,0.761
615,1:FALSE,1:FALSE,,0.747
616,1:FALSE,1:FALSE,,0.755
617,1:FALSE,1:FALSE,,0.762
618,1:FALSE,1:FALSE,,0.762
619,1:FALSE,1:FALSE,,0.761
620,1:FALSE,1:FALSE,,0.761
621,1:FALSE,1:FALSE,,0.746
622,1:FALSE,1:FALSE,,0.737
623,1:FALSE,1:FALSE,,0.756
624,1:FALSE,1:FALSE,,0.735
625,1:FALSE,1:FALSE,,0.763
626,1:FALSE,1:FALSE,,0.762
627,1:FALSE,1:FALSE,,0.763
628,1:FALSE,1:FALSE,,0.757
629,1:FALSE,1:FALSE,,0.759
630,1:FALSE,1:FALSE,,0.762
631,1:FALSE,1:FALSE,,0.762
632,1:FALSE,1:FALSE,,0.763
633,1:FALSE,1:FALSE,,0.763
634,1:FALSE,1:FALSE,,0.732
635,1:FALSE,1:FALSE,,0.758
636,1:FALSE,1:FALSE,,0.761
637,1:FALSE,1:FALSE,,0.741
638,1:FALSE,1:FALSE,,0.763
639,1:FALSE,1:FALSE,,0.763
640,1:FALSE,1:FALSE,,0.763
641,1:FALSE,1:FALSE,,0.762
642,1:FALSE,1:FALSE,,0.796
643,1:FALSE,1:FALSE,,0.762
644,1:FALSE,1:FALSE,,0.763
645,1:FALSE,1:FALSE,,0.758
646,1:FALSE,1:FALSE,,0.759
647,1:FALSE,1:FALSE,,0.763
648,1:FALSE,1:FALSE,,0.758
649,1:FALSE,1:FALSE,,0.763
650,1:FALSE,1:FALSE,,0.701
651,1:FALSE,1:FALSE,,0.763
652,1:FALSE,1:FALSE,,0.761
653,1:FALSE,1:FALSE,,0.762
654,1:FALSE,1:FALSE,,0.763
655,1:FALSE,1:FALSE,,0.709
656,1:FALSE,1:FALSE,,0.738
657,1:FALSE,1:FALSE,,0.762
658,1:FALSE,1:FALSE,,0.921
659,1:FALSE,1:FALSE,,0.744
660,1:FALSE,1:FALSE,,0.757
661,1:FALSE,1:FALSE,,0.762
662,1:FALSE,1:FALSE,,0.731
663,1:FALSE,1:FALSE,,0.763
664,1:FALSE,1:FALSE,,0.762
665,1:FALSE,1:FALSE,,0.763
666,1:FALSE,1:FALSE,,0.763
667,1:FALSE,1:FALSE,,0.677
668,1:FALSE,1:FALSE,,0.762
669,1:FALSE,1:FALSE,,0.763
670,1:FALSE,1:FALSE,,0.763
671,1:FALSE,1:FALSE,,0.762
672,1:FALSE,1:FALSE,,0.763
673,1:FALSE,1:FALSE,,0.762
674,1:FALSE,1:FALSE,,0.76
675,1:FALSE,1:FALSE,,0.761
676,1:FALSE,1:FALSE,,0.763
677,1:FALSE,1:FALSE,,0.762
678,1:FALSE,1:FALSE,,0.762
679,1:FALSE,1:FALSE,,0.763
680,1:FALSE,1:FALSE,,0.758
681,1:FALSE,1:FALSE,,0.754
682,1:FALSE,1:FALSE,,0.76
683,1:FALSE,1:FALSE,,0.763
684,1:FALSE,1:FALSE,,0.762
685,1:FALSE,1:FALSE,,0.763
686,1:FALSE,1:FALSE,,0.75
687,1:FALSE,1:FALSE,,0.763
688,1:FALSE,1:FALSE,,0.757
689,1:FALSE,1:FALSE,,0.763
690,1:FALSE,1:FALSE,,0.762
691,1:FALSE,1:FALSE,,0.542
692,1:FALSE,1:FALSE,,0.756
693,1:FALSE,1:FALSE,,0.754
694,1:FALSE,1:FALSE,,0.753
695,1:FALSE,1:FALSE,,0.763
696,1:FALSE,1:FALSE,,0.763
697,1:FALSE,1:FALSE,,0.763
698,1:FALSE,1:FALSE,,0.762
699,1:FALSE,1:FALSE,,0.706
700,1:FALSE,1:FALSE,,0.763
701,1:FALSE,1:FALSE,,0.749
702,1:FALSE,1:FALSE,,0.761
703,1:FALSE,1:FALSE,,0.763
704,1:FALSE,1:FALSE,,0.762
705,1:FALSE,1:FALSE,,0.758
706,1:FALSE,1:FALSE,,0.763
707,1:FALSE,1:FALSE,,0.681
708,1:FALSE,1:FALSE,,0.762
709,1:FALSE,1:FALSE,,0.764
710,1:FALSE,1:FALSE,,0.757
711,1:FALSE,1:FALSE,,0.763
712,1:FALSE,1:FALSE,,0.763
713,1:FALSE,1:FALSE,,0.756
714,1:FALSE,1:FALSE,,0.761
715,1:FALSE,1:FALSE,,0.761
716,1:FALSE,1:FALSE,,0.709
717,1:FALSE,1:FALSE,,0.763
718,1:FALSE,1:FALSE,,0.755
719,1:FALSE,1:FALSE,,0.759
720,1:FALSE,1:FALSE,,0.765
721,1:FALSE,1:FALSE,,0.763
722,1:FALSE,1:FALSE,,0.758
723,1:FALSE,1:FALSE,,0.605
724,1:FALSE,1:FALSE,,0.753
725,1:FALSE,1:FALSE,,0.763
726,1:FALSE,1:FALSE,,0.764
727,1:FALSE,1:FALSE,,0.755
728,1:FALSE,1:FALSE,,0.76
729,1:FALSE,1:FALSE,,0.756
730,1:FALSE,1:FALSE,,0.572
731,1:FALSE,1:FALSE,,0.763
732,1:FALSE,1:FALSE,,0.761
733,1:FALSE,1:FALSE,,0.761
734,1:FALSE,1:FALSE,,0.748
735,1:FALSE,1:FALSE,,0.762
736,1:FALSE,1:FALSE,,0.762
737,1:FALSE,1:FALSE,,0.763
738,1:FALSE,1:FALSE,,0.763
739,1:FALSE,1:FALSE,,0.759
740,1:FALSE,1:FALSE,,0.763
741,1:FALSE,1:FALSE,,0.588
742,1:FALSE,1:FALSE,,0.746
743,1:FALSE,1:FALSE,,0.763
744,1:FALSE,1:FALSE,,0.755
745,1:FALSE,1:FALSE,,0.759
746,1:FALSE,1:FALSE,,0.762
747,1:FALSE,1:FALSE,,0.711
748,1:FALSE,1:FALSE,,0.746
749,1:FALSE,1:FALSE,,0.76
750,1:FALSE,1:FALSE,,0.76
751,1:FALSE,1:FALSE,,0.752
752,1:FALSE,1:FALSE,,0.728
753,1:FALSE,1:FALSE,,0.755
754,1:FALSE,1:FALSE,,0.761
755,1:FALSE,1:FALSE,,0.594
756,1:FALSE,1:FALSE,,0.749
757,1:FALSE,1:FALSE,,0.763
758,1:FALSE,1:FALSE,,0.737
759,1:FALSE,1:FALSE,,0.822
760,1:FALSE,1:FALSE,,0.76
761,1:FALSE,1:FALSE,,0.763
762,1:FALSE,1:FALSE,,0.763
763,1:FALSE,1:FALSE,,0.762
764,1:FALSE,1:FALSE,,0.763
765,1:FALSE,1:FALSE,,0.763
766,1:FALSE,1:FALSE,,0.626
767,1:FALSE,1:FALSE,,0.758
768,1:FALSE,2:TRUE,+,0.613
769,1:FALSE,1:FALSE,,0.754
770,1:FALSE,1:FALSE,,0.753
771,1:FALSE,1:FALSE,,0.75
772,1:FALSE,1:FALSE,,0.763
773,1:FALSE,1:FALSE,,0.764
774,1:FALSE,1:FALSE,,0.763
775,1:FALSE,1:FALSE,,0.694
776,1:FALSE,1:FALSE,,0.759
777,1:FALSE,1:FALSE,,0.721
778,1:FALSE,1:FALSE,,0.764
779,1:FALSE,1:FALSE,,0.763
780,1:FALSE,1:FALSE,,0.762
781,1:FALSE,1:FALSE,,0.763
782,1:FALSE,1:FALSE,,0.762
783,1:FALSE,1:FALSE,,0.763
784,1:FALSE,1:FALSE,,0.737
785,1:FALSE,1:FALSE,,0.751
786,1:FALSE,1:FALSE,,0.745
787,1:FALSE,1:FALSE,,0.76
788,1:FALSE,1:FALSE,,0.746
789,1:FALSE,1:FALSE,,0.757
790,1:FALSE,1:FALSE,,0.763
791,1:FALSE,1:FALSE,,0.763
792,1:FALSE,1:FALSE,,0.758
793,1:FALSE,1:FALSE,,0.684
794,1:FALSE,1:FALSE,,0.761
795,1:FALSE,1:FALSE,,0.566
796,1:FALSE,1:FALSE,,0.642
797,1:FALSE,1:FALSE,,0.763
798,1:FALSE,1:FALSE,,0.763
799,1:FALSE,1:FALSE,,0.756
800,1:FALSE,1:FALSE,,0.763
801,1:FALSE,2:TRUE,+,0.534
802,1:FALSE,1:FALSE,,0.762
803,1:FALSE,1:FALSE,,0.65
804,1:FALSE,1:FALSE,,0.763
805,1:FALSE,1:FALSE,,0.761
806,1:FALSE,2:TRUE,+,0.967
807,1:FALSE,1:FALSE,,0.763
808,1:FALSE,1:FALSE,,0.763
809,1:FALSE,1:FALSE,,0.761
810,1:FALSE,1:FALSE,,0.761
811,1:FALSE,1:FALSE,,0.763
812,1:FALSE,1:FALSE,,0.726
813,1:FALSE,1:FALSE,,0.726
814,1:FALSE,1:FALSE,,0.762
815,1:FALSE,1:FALSE,,0.969
816,1:FALSE,1:FALSE,,0.673
817,1:FALSE,1:FALSE,,0.763
818,1:FALSE,1:FALSE,,0.763
819,1:FALSE,1:FALSE,,0.763
820,1:FALSE,1:FALSE,,0.756
821,1:FALSE,1:FALSE,,0.758
822,1:FALSE,2:TRUE,+,0.552
823,1:FALSE,1:FALSE,,0.761
824,1:FALSE,1:FALSE,,0.763
825,1:FALSE,1:FALSE,,0.758
826,1:FALSE,1:FALSE,,0.763
827,1:FALSE,1:FALSE,,0.75
828,1:FALSE,1:FALSE,,0.763
829,1:FALSE,1:FALSE,,0.763
830,1:FALSE,1:FALSE,,0.763
831,1:FALSE,1:FALSE,,0.763
832,1:FALSE,1:FALSE,,0.732
833,1:FALSE,1:FALSE,,0.763
834,1:FALSE,1:FALSE,,0.757
835,1:FALSE,1:FALSE,,0.763
836,1:FALSE,1:FALSE,,0.752
837,1:FALSE,1:FALSE,,0.759
838,1:FALSE,2:TRUE,+,0.612
839,1:FALSE,1:FALSE,,0.737
840,1:FALSE,1:FALSE,,0.761
841,1:FALSE,1:FALSE,,0.646
842,1:FALSE,1:FALSE,,0.771
843,1:FALSE,1:FALSE,,0.758
844,1:FALSE,1:FALSE,,0.745
845,1:FALSE,1:FALSE,,0.762
846,1:FALSE,1:FALSE,,0.746
847,1:FALSE,1:FALSE,,0.763
848,1:FALSE,1:FALSE,,0.725
849,1:FALSE,1:FALSE,,0.764
850,1:FALSE,1:FALSE,,0.763
851,1:FALSE,1:FALSE,,0.756
852,1:FALSE,1:FALSE,,0.763
853,1:FALSE,1:FALSE,,0.763
854,1:FALSE,1:FALSE,,0.726
855,1:FALSE,1:FALSE,,0.755
856,1:FALSE,1:FALSE,,0.763
857,1:FALSE,1:FALSE,,0.763
858,1:FALSE,1:FALSE,,0.707
859,1:FALSE,1:FALSE,,0.761
860,1:FALSE,1:FALSE,,0.763
861,1:FALSE,1:FALSE,,0.763
862,1:FALSE,1:FALSE,,0.764
863,1:FALSE,1:FALSE,,0.759
864,1:FALSE,1:FALSE,,0.763
865,1:FALSE,1:FALSE,,0.763
866,1:FALSE,1:FALSE,,0.763
867,1:FALSE,1:FALSE,,0.763
868,1:FALSE,1:FALSE,,0.763
869,1:FALSE,1:FALSE,,0.761
870,1:FALSE,1:FALSE,,0.763
871,1:FALSE,2:TRUE,+,0.999
872,1:FALSE,1:FALSE,,0.763
873,1:FALSE,1:FALSE,,0.757
874,1:FALSE,1:FALSE,,0.759
875,1:FALSE,1:FALSE,,0.755
876,1:FALSE,1:FALSE,,0.762
877,1:FALSE,1:FALSE,,0.762
878,1:FALSE,1:FALSE,,0.761
879,1:FALSE,1:FALSE,,0.758
880,1:FALSE,1:FALSE,,0.757
881,1:FALSE,1:FALSE,,0.761
882,1:FALSE,1:FALSE,,0.753
883,1:FALSE,1:FALSE,,0.755
884,1:FALSE,1:FALSE,,0.742
885,1:FALSE,1:FALSE,,0.763
886,1:FALSE,2:TRUE,+,0.522
887,1:FALSE,1:FALSE,,0.757
888,1:FALSE,2:TRUE,+,0.533
889,1:FALSE,1:FALSE,,0.763
890,1:FALSE,1:FALSE,,0.725
891,1:FALSE,1:FALSE,,0.756
892,1:FALSE,1:FALSE,,0.731
893,1:FALSE,1:FALSE,,0.76
894,1:FALSE,1:FALSE,,0.763
895,1:FALSE,1:FALSE,,0.752
896,1:FALSE,1:FALSE,,0.747
897,1:FALSE,1:FALSE,,0.763
898,1:FALSE,1:FALSE,,0.762
899,1:FALSE,1:FALSE,,0.763
900,1:FALSE,1:FALSE,,0.763
901,1:FALSE,1:FALSE,,0.694
902,1:FALSE,1:FALSE,,0.753
903,1:FALSE,1:FALSE,,0.762
904,1:FALSE,1:FALSE,,0.758
905,1:FALSE,1:FALSE,,0.761
906,1:FALSE,1:FALSE,,0.762
907,1:FALSE,1:FALSE,,0.76
908,1:FALSE,1:FALSE,,0.763
909,1:FALSE,1:FALSE,,0.76
910,1:FALSE,1:FALSE,,0.761
911,1:FALSE,1:FALSE,,0.762
912,1:FALSE,1:FALSE,,0.757
913,1:FALSE,1:FALSE,,0.763
914,1:FALSE,1:FALSE,,0.763
915,1:FALSE,1:FALSE,,0.763
916,1:FALSE,1:FALSE,,0.742
917,1:FALSE,1:FALSE,,0.76
918,1:FALSE,1:FALSE,,0.763
919,1:FALSE,1:FALSE,,0.759
920,1:FALSE,1:FALSE,,0.766
921,1:FALSE,1:FALSE,,0.755
922,1:FALSE,1:FALSE,,0.763
923,1:FALSE,1:FALSE,,0.539
924,1:FALSE,1:FALSE,,0.761
925,1:FALSE,1:FALSE,,0.757
926,1:FALSE,1:FALSE,,0.756
927,1:FALSE,1:FALSE,,0.76
928,1:FALSE,1:FALSE,,0.626
929,1:FALSE,1:FALSE,,0.762
930,1:FALSE,1:FALSE,,0.761
931,1:FALSE,1:FALSE,,0.761
932,1:FALSE,1:FALSE,,0.755
933,1:FALSE,1:FALSE,,0.76
934,1:FALSE,1:FALSE,,0.716
935,1:FALSE,1:FALSE,,0.763
936,1:FALSE,1:FALSE,,0.699
937,1:FALSE,1:FALSE,,0.749
938,1:FALSE,1:FALSE,,0.763
939,1:FALSE,1:FALSE,,0.763
940,1:FALSE,1:FALSE,,0.762
941,1:FALSE,1:FALSE,,0.638
942,1:FALSE,1:FALSE,,0.756
943,1:FALSE,1:FALSE,,0.763
944,1:FALSE,1:FALSE,,0.759
945,1:FALSE,1:FALSE,,0.722
946,1:FALSE,1:FALSE,,0.762
947,1:FALSE,1:FALSE,,0.688
948,1:FALSE,1:FALSE,,0.758
949,1:FALSE,1:FALSE,,0.714
950,1:FALSE,1:FALSE,,0.722
951,1:FALSE,1:FALSE,,0.733
952,1:FALSE,1:FALSE,,0.754
953,1:FALSE,1:FALSE,,0.763
954,1:FALSE,1:FALSE,,0.763
955,1:FALSE,1:FALSE,,0.761
956,1:FALSE,1:FALSE,,0.751
957,1:FALSE,1:FALSE,,0.761
958,1:FALSE,1:FALSE,,0.762
959,1:FALSE,1:FALSE,,0.761
960,1:FALSE,1:FALSE,,0.761
961,1:FALSE,1:FALSE,,0.761
962,1:FALSE,1:FALSE,,0.761
963,1:FALSE,1:FALSE,,0.763
964,1:FALSE,2:TRUE,+,0.99
965,1:FALSE,1:FALSE,,0.763
966,1:FALSE,1:FALSE,,0.763
967,1:FALSE,1:FALSE,,0.763
968,1:FALSE,1:FALSE,,0.745
969,1:FALSE,2:TRUE,+,0.665
970,1:FALSE,1:FALSE,,0.763
971,1:FALSE,1:FALSE,,0.737
972,1:FALSE,1:FALSE,,0.758
973,1:FALSE,1:FALSE,,0.763
974,1:FALSE,1:FALSE,,0.763
975,1:FALSE,1:FALSE,,0.759
976,1:FALSE,1:FALSE,,0.763
977,1:FALSE,1:FALSE,,0.763
978,1:FALSE,1:FALSE,,0.761
979,1:FALSE,1:FALSE,,0.754
980,1:FALSE,1:FALSE,,0.762
981,1:FALSE,1:FALSE,,0.751
982,1:FALSE,1:FALSE,,0.763
983,1:FALSE,1:FALSE,,0.762
984,1:FALSE,1:FALSE,,0.763
985,1:FALSE,1:FALSE,,0.762
986,1:FALSE,1:FALSE,,0.763
987,1:FALSE,1:FALSE,,0.763
988,1:FALSE,1:FALSE,,0.763
989,1:FALSE,1:FALSE,,0.76
990,1:FALSE,1:FALSE,,0.763
991,1:FALSE,1:FALSE,,0.756
992,1:FALSE,1:FALSE,,0.758
993,1:FALSE,1:FALSE,,0.761
994,1:FALSE,1:FALSE,,0.762
995,1:FALSE,1:FALSE,,0.763
996,1:FALSE,1:FALSE,,0.763
997,1:FALSE,1:FALSE,,0.665
998,1:FALSE,1:FALSE,,0.763
999,1:FALSE,1:FALSE,,0.756
1000,1:FALSE,1:FALSE,,0.756
1001,1:FALSE,1:FALSE,,0.763
1002,1:FALSE,1:FALSE,,0.732
1003,1:FALSE,1:FALSE,,0.66
1004,1:FALSE,1:FALSE,,0.763
1005,1:FALSE,1:FALSE,,0.763
1006,1:FALSE,1:FALSE,,0.762
1007,1:FALSE,1:FALSE,,0.753
1008,1:FALSE,1:FALSE,,0.762
1009,1:FALSE,1:FALSE,,0.762
1010,1:FALSE,1:FALSE,,0.762
1011,1:FALSE,1:FALSE,,0.762
1012,1:FALSE,1:FALSE,,0.762
1013,1:FALSE,1:FALSE,,0.76
1014,1:FALSE,1:FALSE,,0.763
1015,1:FALSE,1:FALSE,,0.755
1016,1:FALSE,1:FALSE,,0.762
1017,1:FALSE,1:FALSE,,0.759
1018,1:FALSE,1:FALSE,,0.761
1019,1:FALSE,1:FALSE,,0.738
1020,1:FALSE,1:FALSE,,0.76
1021,1:FALSE,1:FALSE,,0.763
1022,1:FALSE,1:FALSE,,0.758
1023,1:FALSE,1:FALSE,,0.763
1024,1:FALSE,1:FALSE,,0.763
1025,1:FALSE,1:FALSE,,0.705
1026,1:FALSE,1:FALSE,,0.923
1027,1:FALSE,1:FALSE,,0.753
1028,1:FALSE,1:FALSE,,0.769
1029,1:FALSE,1:FALSE,,0.763
1030,1:FALSE,1:FALSE,,0.762
1031,1:FALSE,1:FALSE,,0.763
1032,1:FALSE,1:FALSE,,0.628
1033,1:FALSE,1:FALSE,,0.763
1034,1:FALSE,1:FALSE,,0.753
1035,1:FALSE,1:FALSE,,0.724
1036,1:FALSE,1:FALSE,,0.763
1037,1:FALSE,1:FALSE,,0.761
1038,1:FALSE,1:FALSE,,0.757
1039,1:FALSE,1:FALSE,,0.763
1040,1:FALSE,1:FALSE,,0.763
1041,1:FALSE,1:FALSE,,0.699
1042,1:FALSE,1:FALSE,,0.76
1043,1:FALSE,1:FALSE,,0.763
1044,1:FALSE,1:FALSE,,0.759
1045,1:FALSE,1:FALSE,,0.725
1046,1:FALSE,1:FALSE,,0.762
1047,1:FALSE,1:FALSE,,0.763
1048,1:FALSE,1:FALSE,,0.763
1049,1:FALSE,1:FALSE,,0.761
1050,1:FALSE,1:FALSE,,0.761
1051,1:FALSE,1:FALSE,,0.762
1052,1:FALSE,1:FALSE,,0.752
1053,1:FALSE,1:FALSE,,0.76
1054,1:FALSE,1:FALSE,,0.71
1055,1:FALSE,1:FALSE,,0.761
1056,1:FALSE,1:FALSE,,0.756
1057,1:FALSE,1:FALSE,,0.758
1058,1:FALSE,1:FALSE,,0.709
1059,1:FALSE,1:FALSE,,0.76
1060,1:FALSE,1:FALSE,,0.762
1061,1:FALSE,1:FALSE,,0.76
1062,1:FALSE,1:FALSE,,0.758
1063,1:FALSE,1:FALSE,,0.735
1064,1:FALSE,1:FALSE,,0.76
1065,1:FALSE,1:FALSE,,0.763
1066,1:FALSE,1:FALSE,,0.763
1067,1:FALSE,1:FALSE,,0.762
1068,1:FALSE,1:FALSE,,0.762
1069,1:FALSE,1:FALSE,,0.76
1070,1:FALSE,1:FALSE,,0.763
1071,1:FALSE,1:FALSE,,0.65
1072,1:FALSE,1:FALSE,,0.763
1073,1:FALSE,1:FALSE,,0.762
1074,1:FALSE,1:FALSE,,0.763
1075,1:FALSE,2:TRUE,+,0.55
1076,1:FALSE,1:FALSE,,0.738
1077,1:FALSE,1:FALSE,,0.763
1078,1:FALSE,1:FALSE,,0.729
1079,1:FALSE,1:FALSE,,0.759
1080,1:FALSE,1:FALSE,,0.941
1081,1:FALSE,1:FALSE,,0.756
1082,1:FALSE,1:FALSE,,0.72
1083,1:FALSE,1:FALSE,,0.763
1084,1:FALSE,1:FALSE,,0.763
1085,1:FALSE,2:TRUE,+,0.766
1086,1:FALSE,1:FALSE,,0.719
1087,1:FALSE,1:FALSE,,0.763
1088,1:FALSE,1:FALSE,,0.763
1089,1:FALSE,1:FALSE,,0.763
1090,1:FALSE,1:FALSE,,0.763
1091,1:FALSE,1:FALSE,,0.763
1092,1:FALSE,1:FALSE,,0.758
1093,1:FALSE,1:FALSE,,0.762
1094,1:FALSE,1:FALSE,,0.755
1095,1:FALSE,1:FALSE,,0.759
1096,1:FALSE,1:FALSE,,0.76
1097,1:FALSE,1:FALSE,,0.761
1098,1:FALSE,1:FALSE,,0.749
1099,1:FALSE,1:FALSE,,0.763
1100,1:FALSE,1:FALSE,,0.763
1101,1:FALSE,1:FALSE,,0.758
1102,1:FALSE,1:FALSE,,0.763
1103,1:FALSE,1:FALSE,,0.746
1104,1:FALSE,1:FALSE,,0.759
1105,1:FALSE,1:FALSE,,0.516
1106,1:FALSE,1:FALSE,,0.676
1107,1:FALSE,1:FALSE,,0.763
1108,1:FALSE,1:FALSE,,0.763
1109,1:FALSE,1:FALSE,,0.763
1110,1:FALSE,1:FALSE,,0.762
1111,1:FALSE,1:FALSE,,0.761
1112,1:FALSE,1:FALSE,,0.76
1113,1:FALSE,1:FALSE,,0.807
1114,1:FALSE,1:FALSE,,0.763
1115,1:FALSE,1:FALSE,,0.746
1116,1:FALSE,1:FALSE,,0.763
1117,1:FALSE,1:FALSE,,0.689
1118,1:FALSE,1:FALSE,,0.76
1119,1:FALSE,1:FALSE,,0.671
1120,1:FALSE,1:FALSE,,0.745
1121,1:FALSE,1:FALSE,,0.756
1122,1:FALSE,1:FALSE,,0.726
1123,1:FALSE,1:FALSE,,0.753
1124,1:FALSE,1:FALSE,,0.721
1125,1:FALSE,1:FALSE,,0.762
1126,1:FALSE,1:FALSE,,0.755
1127,1:FALSE,1:FALSE,,0.671
1128,1:FALSE,1:FALSE,,0.769
1129,1:FALSE,1:FALSE,,0.763
1130,1:FALSE,1:FALSE,,0.756
1131,1:FALSE,1:FALSE,,0.756
1132,1:FALSE,1:FALSE,,0.76
1133,1:FALSE,1:FALSE,,0.762
1134,1:FALSE,1:FALSE,,0.76
1135,1:FALSE,1:FALSE,,0.722
1136,1:FALSE,1:FALSE,,0.758
1137,1:FALSE,1:FALSE,,0.756
1138,1:FALSE,1:FALSE,,0.763
1139,1:FALSE,1:FALSE,,0.747
1140,1:FALSE,1:FALSE,,0.76
1141,1:FALSE,1:FALSE,,0.761
1142,1:FALSE,1:FALSE,,0.763
1143,1:FALSE,1:FALSE,,0.762
1144,1:FALSE,1:FALSE,,0.698
1145,1:FALSE,1:FALSE,,0.764
1146,1:FALSE,1:FALSE,,0.762
1147,1:FALSE,1:FALSE,,0.763
1148,1:FALSE,1:FALSE,,0.76
1149,1:FALSE,1:FALSE,,0.763
1150,1:FALSE,1:FALSE,,0.76
1151,1:FALSE,1:FALSE,,0.76
1152,1:FALSE,1:FALSE,,0.76
1153,1:FALSE,1:FALSE,,0.763
1154,1:FALSE,1:FALSE,,0.745
1155,1:FALSE,1:FALSE,,0.763
1156,1:FALSE,1:FALSE,,0.762
1157,1:FALSE,1:FALSE,,0.763
1158,1:FALSE,1:FALSE,,0.762
1159,1:FALSE,1:FALSE,,0.725
1160,1:FALSE,1:FALSE,,0.748
1161,1:FALSE,1:FALSE,,0.757
1162,1:FALSE,1:FALSE,,0.762
1163,1:FALSE,1:FALSE,,0.763
1164,1:FALSE,1:FALSE,,0.771
1165,1:FALSE,1:FALSE,,0.761
1166,1:FALSE,1:FALSE,,0.758
1167,1:FALSE,1:FALSE,,0.762
1168,1:FALSE,1:FALSE,,0.763
1169,1:FALSE,1:FALSE,,0.756
1170,1:FALSE,1:FALSE,,0.757
1171,1:FALSE,1:FALSE,,0.763
1172,1:FALSE,1:FALSE,,0.763
1173,1:FALSE,1:FALSE,,0.761
1174,1:FALSE,1:FALSE,,0.763
1175,1:FALSE,1:FALSE,,0.763
1176,1:FALSE,1:FALSE,,0.599
1177,1:FALSE,1:FALSE,,0.741
1178,1:FALSE,1:FALSE,,0.763
1179,1:FALSE,1:FALSE,,0.763
1180,1:FALSE,1:FALSE,,0.761
1181,1:FALSE,1:FALSE,,0.759
1182,1:FALSE,1:FALSE,,0.742
1183,1:FALSE,1:FALSE,,0.656
1184,1:FALSE,1:FALSE,,0.763
1185,1:FALSE,1:FALSE,,0.763
1186,1:FALSE,1:FALSE,,0.762
1187,1:FALSE,1:FALSE,,0.761
1188,1:FALSE,1:FALSE,,0.762
1189,1:FALSE,1:FALSE,,0.762
1190,1:FALSE,1:FALSE,,0.76
1191,1:FALSE,1:FALSE,,0.761
1192,1:FALSE,1:FALSE,,0.762
1193,1:FALSE,1:FALSE,,0.758
1194,1:FALSE,1:FALSE,,0.756
1195,1:FALSE,1:FALSE,,0.762
1196,1:FALSE,1:FALSE,,0.76
1197,1:FALSE,1:FALSE,,0.763
1198,1:FALSE,1:FALSE,,0.756
1199,1:FALSE,1:FALSE,,0.76
1200,1:FALSE,1:FALSE,,0.76
1201,1:FALSE,1:FALSE,,0.76
1202,1:FALSE,1:FALSE,,0.705
1203,1:FALSE,1:FALSE,,0.76
1204,1:FALSE,1:FALSE,,0.755
1205,1:FALSE,1:FALSE,,0.763
1206,1:FALSE,1:FALSE,,0.763
1207,1:FALSE,1:FALSE,,0.761
1208,1:FALSE,1:FALSE,,0.744
1209,1:FALSE,1:FALSE,,0.763
1210,1:FALSE,1:FALSE,,0.852
1211,1:FALSE,1:FALSE,,0.763
1212,1:FALSE,1:FALSE,,0.763
1213,1:FALSE,1:FALSE,,0.756
1214,1:FALSE,1:FALSE,,0.756
1215,1:FALSE,1:FALSE,,0.942
1216,1:FALSE,2:TRUE,+,0.551
1217,1:FALSE,1:FALSE,,0.758
1218,1:FALSE,1:FALSE,,0.763
1219,1:FALSE,1:FALSE,,0.763
1220,1:FALSE,1:FALSE,,0.761
1221,1:FALSE,1:FALSE,,0.751
1222,1:FALSE,1:FALSE,,0.763
1223,1:FALSE,1:FALSE,,0.688
1224,1:FALSE,1:FALSE,,0.763
1225,1:FALSE,1:FALSE,,0.763
1226,1:FALSE,1:FALSE,,0.761
1227,1:FALSE,1:FALSE,,0.636
1228,1:FALSE,1:FALSE,,0.754
1229,1:FALSE,1:FALSE,,0.75
1230,1:FALSE,1:FALSE,,0.763
1231,1:FALSE,1:FALSE,,0.72
1232,1:FALSE,1:FALSE,,0.755
1233,1:FALSE,1:FALSE,,0.758
1234,1:FALSE,1:FALSE,,0.762
1235,1:FALSE,2:TRUE,+,0.578
1236,1:FALSE,1:FALSE,,0.757
1237,1:FALSE,1:FALSE,,0.763
1238,1:FALSE,1:FALSE,,0.763
1239,1:FALSE,2:TRUE,+,0.63
1240,1:FALSE,1:FALSE,,0.766
1241,1:FALSE,1:FALSE,,0.763
1242,1:FALSE,1:FALSE,,0.762
1243,1:FALSE,1:FALSE,,0.763
1244,1:FALSE,1:FALSE,,0.754
1245,1:FALSE,1:FALSE,,0.762
1246,1:FALSE,1:FALSE,,0.759
1247,1:FALSE,2:TRUE,+,0.616
1248,1:FALSE,1:FALSE,,0.763
1249,1:FALSE,2:TRUE,+,0.637
1250,1:FALSE,1:FALSE,,0.762
1251,1:FALSE,1:FALSE,,0.762
1252,1:FALSE,1:FALSE,,0.762
1253,1:FALSE,1:FALSE,,0.762
1254,1:FALSE,1:FALSE,,0.727
1255,1:FALSE,1:FALSE,,0.762
1256,1:FALSE,1:FALSE,,0.763
1257,1:FALSE,1:FALSE,,0.762
1258,1:FALSE,1:FALSE,,0.763
1259,1:FALSE,1:FALSE,,0.726
1260,1:FALSE,1:FALSE,,0.76
1261,1:FALSE,1:FALSE,,0.706
1262,1:FALSE,1:FALSE,,0.523
1263,1:FALSE,1:FALSE,,0.759
1264,1:FALSE,1:FALSE,,0.762
1265,1:FALSE,1:FALSE,,0.643
1266,1:FALSE,1:FALSE,,0.712
1267,1:FALSE,1:FALSE,,0.763
1268,1:FALSE,1:FALSE,,0.762
1269,1:FALSE,1:FALSE,,0.762
1270,1:FALSE,1:FALSE,,0.759
1271,1:FALSE,1:FALSE,,0.761
1272,1:FALSE,1:FALSE,,0.759
1273,1:FALSE,1:FALSE,,0.762
1274,1:FALSE,1:FALSE,,0.763
1275,1:FALSE,1:FALSE,,0.763
1276,1:FALSE,1:FALSE,,0.763
1277,1:FALSE,1:FALSE,,0.763
1278,1:FALSE,1:FALSE,,0.761
1279,1:FALSE,1:FALSE,,0.759
1280,1:FALSE,1:FALSE,,0.763
1281,1:FALSE,1:FALSE,,0.761
1282,1:FALSE,1:FALSE,,0.752
1283,1:FALSE,1:FALSE,,0.763
1284,1:FALSE,1:FALSE,,0.759
1285,1:FALSE,1:FALSE,,0.763
1286,1:FALSE,1:FALSE,,0.749
1287,1:FALSE,1:FALSE,,0.763
1288,1:FALSE,1:FALSE,,0.763
1289,1:FALSE,1:FALSE,,0.755
1290,1:FALSE,1:FALSE,,0.753
1291,1:FALSE,1:FALSE,,0.763
1292,1:FALSE,1:FALSE,,0.764
1293,1:FALSE,1:FALSE,,0.763
1294,1:FALSE,1:FALSE,,0.74
1295,1:FALSE,1:FALSE,,0.762
1296,1:FALSE,1:FALSE,,0.75
1297,1:FALSE,1:FALSE,,0.763
1298,1:FALSE,1:FALSE,,0.763
1299,1:FALSE,1:FALSE,,0.763
1300,1:FALSE,1:FALSE,,0.727
1301,1:FALSE,1:FALSE,,0.64
1302,1:FALSE,1:FALSE,,0.735
1303,1:FALSE,1:FALSE,,0.763
1304,1:FALSE,1:FALSE,,0.757
1305,1:FALSE,1:FALSE,,0.761
1306,1:FALSE,1:FALSE,,0.689
1307,1:FALSE,1:FALSE,,0.763
1308,1:FALSE,1:FALSE,,0.75
1309,1:FALSE,1:FALSE,,0.762
1310,1:FALSE,1:FALSE,,0.759
1311,1:FALSE,1:FALSE,,0.763
1312,1:FALSE,1:FALSE,,0.73
1313,1:FALSE,1:FALSE,,0.763
1314,1:FALSE,1:FALSE,,0.756
1315,1:FALSE,1:FALSE,,0.763
1316,1:FALSE,1:FALSE,,0.762
1317,1:FALSE,1:FALSE,,0.755
1318,1:FALSE,1:FALSE,,0.762
1319,1:FALSE,1:FALSE,,0.763
1320,1:FALSE,1:FALSE,,0.763
1321,1:FALSE,1:FALSE,,0.76
1322,1:FALSE,1:FALSE,,0.763
1323,1:FALSE,1:FALSE,,0.759
1324,1:FALSE,1:FALSE,,0.76
1325,1:FALSE,1:FALSE,,0.763
1326,1:FALSE,1:FALSE,,0.761
1327,1:FALSE,1:FALSE,,0.756
1328,1:FALSE,1:FALSE,,0.763
1329,1:FALSE,1:FALSE,,0.763
1330,1:FALSE,1:FALSE,,0.761
1331,1:FALSE,1:FALSE,,0.758
1332,1:FALSE,1:FALSE,,0.743
1333,1:FALSE,1:FALSE,,0.763
1334,1:FALSE,1:FALSE,,0.754
1335,1:FALSE,1:FALSE,,0.762
1336,1:FALSE,1:FALSE,,0.763
1337,1:FALSE,1:FALSE,,0.763
1338,1:FALSE,1:FALSE,,0.768
1339,1:FALSE,1:FALSE,,0.751
1340,1:FALSE,1:FALSE,,0.761
1341,1:FALSE,1:FALSE,,0.763
1342,1:FALSE,1:FALSE,,0.763
1343,1:FALSE,1:FALSE,,0.763
1344,1:FALSE,1:FALSE,,0.763
1345,1:FALSE,1:FALSE,,0.763
1346,1:FALSE,1:FALSE,,0.763
1347,1:FALSE,1:FALSE,,0.732
1348,1:FALSE,1:FALSE,,0.763
1349,1:FALSE,1:FALSE,,0.763
1350,1:FALSE,1:FALSE,,0.763
1351,1:FALSE,1:FALSE,,0.743
1352,1:FALSE,1:FALSE,,0.718
1353,1:FALSE,1:FALSE,,0.747
1354,1:FALSE,1:FALSE,,0.706
1355,1:FALSE,1:FALSE,,0.755
1356,1:FALSE,1:FALSE,,0.755
1357,1:FALSE,1:FALSE,,0.756
1358,1:FALSE,1:FALSE,,0.763
1359,1:FALSE,1:FALSE,,0.763
1360,1:FALSE,1:FALSE,,0.743
1361,1:FALSE,1:FALSE,,0.763
1362,1:FALSE,1:FALSE,,0.756
1363,1:FALSE,1:FALSE,,0.753
1364,1:FALSE,1:FALSE,,0.763
1365,1:FALSE,1:FALSE,,0.746
1366,1:FALSE,1:FALSE,,0.556
1367,1:FALSE,1:FALSE,,0.766
1368,1:FALSE,1:FALSE,,0.762
1369,1:FALSE,1:FALSE,,0.759
1370,1:FALSE,1:FALSE,,0.751
1371,1:FALSE,1:FALSE,,0.761
1372,1:FALSE,2:TRUE,+,0.573
1373,1:FALSE,1:FALSE,,0.752
1374,1:FALSE,2:TRUE,+,0.566
1375,1:FALSE,1:FALSE,,0.761
1376,1:FALSE,1:FALSE,,0.763
1377,1:FALSE,1:FALSE,,0.762
1378,1:FALSE,1:FALSE,,0.763
1379,1:FALSE,1:FALSE,,0.763
1380,1:FALSE,1:FALSE,,0.753
1381,1:FALSE,1:FALSE,,0.745
1382,1:FALSE,1:FALSE,,0.762
1383,1:FALSE,1:FALSE,,0.763
1384,1:FALSE,1:FALSE,,0.762
1385,1:FALSE,1:FALSE,,0.762
1386,1:FALSE,1:FALSE,,0.763
1387,1:FALSE,1:FALSE,,0.756
1388,1:FALSE,1:FALSE,,0.763
1389,1:FALSE,1:FALSE,,0.76
1390,1:FALSE,1:FALSE,,0.762
1391,1:FALSE,1:FALSE,,0.761
1392,1:FALSE,1:FALSE,,0.763
1393,1:FALSE,1:FALSE,,0.696
1394,1:FALSE,1:FALSE,,0.763
1395,1:FALSE,1:FALSE,,0.741
1396,1:FALSE,1:FALSE,,0.725
1397,1:FALSE,1:FALSE,,0.749
1398,1:FALSE,1:FALSE,,0.756
1399,1:FALSE,1:FALSE,,0.763
1400,1:FALSE,1:FALSE,,0.763
1401,1:FALSE,1:FALSE,,0.763
1402,1:FALSE,1:FALSE,,0.758
1403,1:FALSE,1:FALSE,,0.763
1404,1:FALSE,1:FALSE,,0.947
1405,1:FALSE,1:FALSE,,0.758
1406,1:FALSE,1:FALSE,,0.763
1407,1:FALSE,1:FALSE,,0.74
1408,1:FALSE,1:FALSE,,0.763
1409,1:FALSE,1:FALSE,,0.76
1410,1:FALSE,1:FALSE,,0.763
1411,1:FALSE,1:FALSE,,0.667
1412,1:FALSE,1:FALSE,,0.762
1413,1:FALSE,1:FALSE,,0.759
1414,1:FALSE,1:FALSE,,0.756
1415,1:FALSE,1:FALSE,,0.762
1416,1:FALSE,1:FALSE,,0.763
1417,1:FALSE,1:FALSE,,0.76
1418,1:FALSE,2:TRUE,+,0.631
1419,1:FALSE,1:FALSE,,0.754
1420,1:FALSE,1:FALSE,,0.761
1421,1:FALSE,1:FALSE,,0.762
1422,1:FALSE,1:FALSE,,0.762
1423,1:FALSE,1:FALSE,,0.763
1424,1:FALSE,1:FALSE,,0.759
1425,1:FALSE,1:FALSE,,0.763
1426,1:FALSE,1:FALSE,,0.756
1427,1:FALSE,1:FALSE,,0.76
1428,1:FALSE,1:FALSE,,0.68
1429,1:FALSE,1:FALSE,,0.763
1430,1:FALSE,1:FALSE,,0.763
1431,1:FALSE,1:FALSE,,0.754
1432,1:FALSE,1:FALSE,,0.76
1433,1:FALSE,1:FALSE,,0.763
1434,1:FALSE,1:FALSE,,0.659
1435,1:FALSE,1:FALSE,,0.76
1436,1:FALSE,1:FALSE,,0.763
1437,1:FALSE,1:FALSE,,0.732
1438,1:FALSE,1:FALSE,,0.761
1439,1:FALSE,1:FALSE,,0.763
1440,1:FALSE,1:FALSE,,0.741
1441,1:FALSE,1:FALSE,,0.76
1442,1:FALSE,1:FALSE,,0.763
1443,1:FALSE,1:FALSE,,0.763
1444,1:FALSE,1:FALSE,,0.763
1445,1:FALSE,1:FALSE,,0.763
1446,1:FALSE,1:FALSE,,0.525
1447,1:FALSE,1:FALSE,,0.696
1448,1:FALSE,1:FALSE,,0.762
1449,1:FALSE,1:FALSE,,0.763
1450,1:FALSE,1:FALSE,,0.762
1451,1:FALSE,1:FALSE,,0.705
1452,1:FALSE,1:FALSE,,0.745
1453,1:FALSE,1:FALSE,,0.755
1454,1:FALSE,1:FALSE,,0.763
1455,1:FALSE,1:FALSE,,0.766
1456,1:FALSE,1:FALSE,,0.763
1457,1:FALSE,1:FALSE,,0.759
1458,1:FALSE,1:FALSE,,0.7
1459,1:FALSE,1:FALSE,,0.756
1460,1:FALSE,1:FALSE,,0.76
1461,1:FALSE,1:FALSE,,0.734
1462,1:FALSE,1:FALSE,,0.757
1463,1:FALSE,1:FALSE,,0.763
1464,1:FALSE,1:FALSE,,0.756
1465,1:FALSE,1:FALSE,,0.76
1466,1:FALSE,1:FALSE,,0.668
1467,1:FALSE,1:FALSE,,0.763
1468,1:FALSE,1:FALSE,,0.723
1469,1:FALSE,1:FALSE,,0.756
1470,1:FALSE,1:FALSE,,0.737
1471,1:FALSE,1:FALSE,,0.749
1472,1:FALSE,1:FALSE,,0.76
1473,1:FALSE,1:FALSE,,0.763
1474,1:FALSE,1:FALSE,,0.763
1475,1:FALSE,1:FALSE,,0.763
1476,1:FALSE,1:FALSE,,0.762
1477,1:FALSE,1:FALSE,,0.753
1478,1:FALSE,1:FALSE,,0.763
1479,1:FALSE,1:FALSE,,0.751
1480,1:FALSE,1:FALSE,,0.763
1481,1:FALSE,1:FALSE,,0.751
1482,1:FALSE,1:FALSE,,0.76
1483,1:FALSE,1:FALSE,,0.761
1484,1:FALSE,1:FALSE,,0.693
1485,1:FALSE,1:FALSE,,0.759
1486,1:FALSE,1:FALSE,,0.735
1487,1:FALSE,1:FALSE,,0.763
1488,1:FALSE,1:FALSE,,0.763
1489,1:FALSE,1:FALSE,,0.759
1490,1:FALSE,1:FALSE,,0.763
1491,1:FALSE,1:FALSE,,0.752
1492,1:FALSE,1:FALSE,,0.76
1493,1:FALSE,2:TRUE,+,0.593
1494,1:FALSE,1:FALSE,,0.763
1495,1:FALSE,1:FALSE,,0.756
1496,1:FALSE,1:FALSE,,0.76
1497,1:FALSE,1:FALSE,,0.639
1498,1:FALSE,1:FALSE,,0.761
1499,1:FALSE,1:FALSE,,0.763
1500,1:FALSE,1:FALSE,,0.757
1501,1:FALSE,1:FALSE,,0.762
1502,1:FALSE,1:FALSE,,0.762
1503,1:FALSE,1:FALSE,,0.763
1504,1:FALSE,1:FALSE,,0.759
1505,1:FALSE,1:FALSE,,0.763
1506,1:FALSE,1:FALSE,,0.726
1507,1:FALSE,1:FALSE,,0.761
1508,1:FALSE,1:FALSE,,0.762
1509,1:FALSE,1:FALSE,,0.763
1510,1:FALSE,1:FALSE,,0.74
1511,1:FALSE,1:FALSE,,0.757
1512,1:FALSE,1:FALSE,,0.745
1513,1:FALSE,1:FALSE,,0.76
1514,1:FALSE,1:FALSE,,0.719
1515,1:FALSE,1:FALSE,,0.754
1516,1:FALSE,1:FALSE,,0.763
1517,1:FALSE,2:TRUE,+,0.597
1518,1:FALSE,1:FALSE,,0.763
1519,1:FALSE,1:FALSE,,0.763
1520,1:FALSE,1:FALSE,,0.762
1521,1:FALSE,1:FALSE,,0.762
1522,1:FALSE,1:FALSE,,0.762
1523,1:FALSE,1:FALSE,,0.959
1524,1:FALSE,1:FALSE,,0.762
1525,1:FALSE,1:FALSE,,0.76
1526,1:FALSE,1:FALSE,,0.764
1527,1:FALSE,1:FALSE,,0.759
1528,1:FALSE,1:FALSE,,0.763
1529,1:FALSE,1:FALSE,,0.686
1530,1:FALSE,1:FALSE,,0.761
1531,1:FALSE,1:FALSE,,0.742
1532,1:FALSE,1:FALSE,,0.69
1533,1:FALSE,1:FALSE,,0.763
1534,1:FALSE,1:FALSE,,0.762
1535,1:FALSE,1:FALSE,,0.763
1536,1:FALSE,1:FALSE,,0.763
1537,1:FALSE,1:FALSE,,0.71
1538,1:FALSE,1:FALSE,,0.743
1539,1:FALSE,1:FALSE,,0.763
1540,1:FALSE,1:FALSE,,0.741
1541,1:FALSE,1:FALSE,,0.762
1542,1:FALSE,1:FALSE,,0.763
1543,1:FALSE,1:FALSE,,0.758
1544,1:FALSE,1:FALSE,,0.763
1545,1:FALSE,1:FALSE,,0.763
1546,1:FALSE,1:FALSE,,0.763
1547,1:FALSE,1:FALSE,,0.761
1548,1:FALSE,1:FALSE,,0.737
1549,1:FALSE,1:FALSE,,0.761
1550,1:FALSE,1:FALSE,,0.763
1551,1:FALSE,1:FALSE,,0.763
1552,1:FALSE,1:FALSE,,0.757
1553,1:FALSE,1:FALSE,,0.76
1554,1:FALSE,1:FALSE,,0.763
1555,1:FALSE,1:FALSE,,0.701
1556,1:FALSE,1:FALSE,,0.763
1557,1:FALSE,1:FALSE,,0.762
1558,1:FALSE,1:FALSE,,0.733
1559,1:FALSE,1:FALSE,,0.746
1560,1:FALSE,1:FALSE,,0.757
1561,1:FALSE,1:FALSE,,0.763
1562,1:FALSE,1:FALSE,,0.76
1563,1:FALSE,1:FALSE,,0.763
1564,1:FALSE,1:FALSE,,0.763
1565,1:FALSE,1:FALSE,,0.763
1566,1:FALSE,1:FALSE,,0.763
1567,1:FALSE,1:FALSE,,0.754
1568,1:FALSE,1:FALSE,,0.749
1569,1:FALSE,1:FALSE,,0.748
1570,1:FALSE,1:FALSE,,0.761
1571,1:FALSE,1:FALSE,,0.763
1572,1:FALSE,1:FALSE,,0.679
1573,1:FALSE,1:FALSE,,0.763
1574,1:FALSE,1:FALSE,,0.743
1575,1:FALSE,1:FALSE,,0.763
1576,1:FALSE,1:FALSE,,0.749
1577,1:FALSE,1:FALSE,,0.763
1578,1:FALSE,1:FALSE,,0.647
1579,1:FALSE,1:FALSE,,0.763
1580,1:FALSE,1:FALSE,,0.763
1581,1:FALSE,1:FALSE,,0.759
1582,1:FALSE,1:FALSE,,0.731
1583,1:FALSE,1:FALSE,,0.762
1584,1:FALSE,1:FALSE,,0.682
1585,1:FALSE,1:FALSE,,0.759
1586,1:FALSE,1:FALSE,,0.762
1587,1:FALSE,1:FALSE,,0.754
1588,1:FALSE,1:FALSE,,0.739
1589,1:FALSE,1:FALSE,,0.763
1590,1:FALSE,1:FALSE,,0.742
1591,1:FALSE,1:FALSE,,0.761
1592,1:FALSE,1:FALSE,,0.762
1593,1:FALSE,1:FALSE,,0.746
1594,1:FALSE,1:FALSE,,0.758
1595,1:FALSE,1:FALSE,,0.763
1596,1:FALSE,1:FALSE,,0.724
1597,1:FALSE,1:FALSE,,0.758
1598,1:FALSE,1:FALSE,,0.763
1599,1:FALSE,1:FALSE,,0.764
1600,1:FALSE,1:FALSE,,0.763
1601,1:FALSE,1:FALSE,,0.757
1602,1:FALSE,1:FALSE,,0.729
1603,1:FALSE,1:FALSE,,0.763
1604,1:FALSE,1:FALSE,,0.762
1605,1:FALSE,1:FALSE,,0.758
1606,1:FALSE,1:FALSE,,0.765
1607,1:FALSE,1:FALSE,,0.761
1608,1:FALSE,1:FALSE,,0.763
1609,1:FALSE,2:TRUE,+,0.63
1610,1:FALSE,1:FALSE,,0.76
1611,1:FALSE,1:FALSE,,0.763
1612,1:FALSE,1:FALSE,,0.738
1613,1:FALSE,1:FALSE,,0.738
1614,1:FALSE,1:FALSE,,0.754
1615,1:FALSE,1:FALSE,,0.763
1616,1:FALSE,1:FALSE,,0.76
1617,1:FALSE,1:FALSE,,0.76
1618,1:FALSE,1:FALSE,,0.762
1619,1:FALSE,1:FALSE,,0.76
1620,1:FALSE,1:FALSE,,0.763
1621,1:FALSE,1:FALSE,,0.75
1622,1:FALSE,1:FALSE,,0.765
1623,1:FALSE,1:FALSE,,0.762
1624,1:FALSE,1:FALSE,,0.762
1625,1:FALSE,1:FALSE,,0.763
1626,1:FALSE,1:FALSE,,0.762
1627,1:FALSE,1:FALSE,,0.761
1628,1:FALSE,1:FALSE,,0.76
1629,1:FALSE,1:FALSE,,0.754
1630,1:FALSE,1:FALSE,,0.762
1631,1:FALSE,1:FALSE,,0.762

